<?xml version="1.0" encoding="UTF-8"?>
<!DOCTYPE mapper PUBLIC "-//mybatis.org//DTD Mapper 3.0//EN" "http://mybatis.org/dtd/mybatis-3-mapper.dtd">
<mapper namespace="com.itwill.brown_carrot_market.mapper.TransferMapper">
	<resultMap id="transferResultMap" type="com.itwill.brown_carrot_market.dto.Transfer" >
		<result column="transfer_no" property="transfer_no" />
		<result column="transfer_deposit" property="transfer_deposit" />
		<result column="transfer_withdraw" property="transfer_withdraw" />
		<result column="transfer_date" property="transfer_date"/>
		<result column="user_id" property="user_id"/>
			<association property="orders" javaType="com.itwill.brown_carrot_market.dto.Orders">
				<result column="orders_no" property="orders_no"/>
				<result column="user_id" property="user_id"/>
					<association property="product" javaType="com.itwill.brown_carrot_market.dto.Product">
						<result property="p_no" column="p_no" />
					    <result property="p_title" column="p_title" />
					    <result property="p_desc" column="p_desc" />
					    <result property="p_price" column="p_price" />
					    <result property="p_date" column="p_date" />
					    <result property="p_sell" column="p_sell"/>
					    <result property="p_count" column="p_count"/>
					    <result property="p_wish" column="p_wish"/>
					    <result property="p_address_name" column="p_address_name"/>
					    <result property="p_address_lat" column="p_address_lat"/>
					    <result property="p_address_lng" column="p_address_lng"/>
					         	<association property="productCategory" javaType="com.itwill.brown_carrot_market.dto.ProductCategory">
									<result column="P_CTGR_NO" property="p_ctgr_no"/>
									<result column="P_CTGR_NAME" property="p_ctgr_name"/>
								</association>
					<association property="userInfo" javaType="com.itwill.brown_carrot_market.dto.UserInfo">
							<result column="USER_ID" property="user_id"/>
							<result column="USER_PW" property="user_pw"/>
							<result column="USER_NAME" property="user_name"/>
							<result column="USER_EMAIL" property="user_email"/>
							<result column="USER_PHONE" property="user_phone"/>
							<result column="USER_FRESHNESS" property="user_freshness"/>
							<result column="USER_POINT" property="user_point"/>
							<result column="USER_PROFILE" property="user_profile"/>
						</association>
					</association>
			</association>
			<association property="product" javaType="com.itwill.brown_carrot_market.dto.Product">
				<result property="p_no" column="p_no" />
			    <result property="p_title" column="p_title" />
			    <result property="p_desc" column="p_desc" />
			    <result property="p_price" column="p_price" />
			    <result property="p_date" column="p_date" />
			    <result property="p_sell" column="p_sell"/>
			    <result property="p_count" column="p_count"/>
			    <result property="p_wish" column="p_wish"/>
			    <result property="p_address_name" column="p_address_name"/>
			    <result property="p_address_lat" column="p_address_lat"/>
			    <result property="p_address_lng" column="p_address_lng"/>
				<association property="productCategory" javaType="com.itwill.brown_carrot_market.dto.ProductCategory">
					<result column="P_CTGR_NO" property="p_ctgr_no"/>
					<result column="P_CTGR_NAME" property="p_ctgr_name"/>
				</association>
				<association property="userInfo" javaType="com.itwill.brown_carrot_market.dto.UserInfo">
					<result column="USER_ID" property="user_id"/>
					<result column="USER_PW" property="user_pw"/>
					<result column="USER_NAME" property="user_name"/>
					<result column="USER_EMAIL" property="user_email"/>
					<result column="USER_PHONE" property="user_phone"/>
					<result column="USER_FRESHNESS" property="user_freshness"/>
					<result column="USER_POINT" property="user_point"/>
					<result column="USER_PROFILE" property="user_profile"/>
				</association>
			</association>
		</resultMap>

	<insert id = "insertTransfer_Deposit" parameterType="int">
		insert into transfer values(TRANSFER_TRANSFER_NO_SEQ.nextval, (select p_price from product where p_no = #{p_no}), 0, sysdate, (select user_id from orders where p_no = #{p_no}), (select orders_no from orders where p_no = #{p_no}))
	</insert>
	
	<insert id = "insertTransfer_Withdraw" parameterType="int">
		insert into transfer values(TRANSFER_TRANSFER_NO_SEQ.nextval, 0, (select p_price from product where p_no = #{p_no}), sysdate, (select user_id from product where p_no = #{p_no}), (select orders_no from orders where p_no = #{p_no}))
	</insert>

	<insert id = "insertTransfer_Deposit_Cancle" parameterType="int">
		insert into transfer values(TRANSFER_TRANSFER_NO_SEQ.nextval, 0, (select p_price from product where p_no = #{p_no}), sysdate, (select user_id from orders where p_no = #{p_no}), (select orders_no from orders where p_no = #{p_no}))
	</insert>

	<insert id = "insertTransfer_Withdraw_Cancle" parameterType="int">
		insert into transfer values(TRANSFER_TRANSFER_NO_SEQ.nextval, (select p_price from product where p_no = #{p_no}), 0, sysdate, (select user_id from product where p_no = #{p_no}), (select orders_no from orders where p_no = #{p_no}))	
	</insert>

	<select id = "selectById" resultMap="transferResultMap">
		select * from transfer t cross join (select * from product p join orders o on p.p_no = o.p_no)s where t.user_id=#{user_id}
	</select>
</mapper>